op1,op2,op3,sensor2,sensor3,sensor4,sensor6,sensor7,sensor8,sensor9,sensor11,sensor12,sensor13,sensor14,sensor15,sensor17,sensor20,sensor21,sensor2_rollmean,sensor2_rollstd,sensor3_rollmean,sensor3_rollstd,sensor4_rollmean,sensor4_rollstd,sensor6_rollmean,sensor6_rollstd,sensor7_rollmean,sensor7_rollstd,sensor8_rollmean,sensor8_rollstd,sensor9_rollmean,sensor9_rollstd,sensor11_rollmean,sensor11_rollstd,sensor12_rollmean,sensor12_rollstd,sensor13_rollmean,sensor13_rollstd,sensor14_rollmean,sensor14_rollstd,sensor15_rollmean,sensor15_rollstd,sensor17_rollmean,sensor17_rollstd,sensor20_rollmean,sensor20_rollstd,sensor21_rollmean,sensor21_rollstd
0.0023,0.0003,100.0,643.02,1585.29,1398.21,21.61,553.9,2388.04,9050.17,47.2,521.72,2388.03,8125.55,8.4052,392,38.86,23.3735,643.02,0.0,1585.29,0.0,1398.21,0.0,21.61,0.0,553.9,0.0,2388.04,0.0,9050.17,0.0,47.2,0.0,521.72,0.0,2388.03,0.0,8125.55,0.0,8.4052,0.0,392.0,0.0,38.86,0.0,23.3735,0.0
-0.0027,-0.0003,100.0,641.71,1588.45,1395.42,21.61,554.85,2388.01,9054.42,47.5,522.16,2388.06,8139.62,8.3803,393,39.02,23.3916,642.365,0.9263098833543386,1586.87,2.2344574285496286,1396.815,1.972827919510442,21.61,0.0,554.375,0.6717514421272524,2388.025,0.021213203435416356,9052.295,3.005203820042827,47.35,0.21213203435596223,521.94,0.31112698372199893,2388.045,0.021213203435416356,8132.585,9.948992411294517,8.39275,0.017606958851544823,392.5,0.7071067811865476,38.94,0.11313708498985273,23.382550000000002,0.012798632739475572
0.0003,0.0001,100.0,642.46,1586.94,1401.34,21.61,554.11,2388.05,9056.96,47.5,521.97,2388.03,8130.1,8.4441,393,39.08,23.4166,642.3966666666666,0.6572924260428543,1586.8933333333334,1.580516793119786,1398.3233333333335,2.961626805209097,21.61,0.0,554.2866666666667,0.49903239707793273,2388.0333333333333,0.020816659994651498,9053.85,3.430699637099646,47.4,0.1732050807568866,521.9499999999999,0.22068076490708008,2388.0400000000004,0.017320508075508927,8131.756666666667,7.179807332605181,8.409866666666668,0.03215498924480279,392.6666666666667,0.5773502691896216,38.98666666666667,0.11372481406154931,23.393900000000002,0.021641857591248963
0.0042,0.0,100.0,642.44,1584.12,1406.42,21.61,554.07,2388.03,9045.29,47.28,521.38,2388.05,8132.9,8.3917,391,39.0,23.3737,642.4075,0.5371142026298005,1586.2,1.8942544707615527,1400.3475,4.715558468163378,21.61,0.0,554.2325000000001,0.42161396245064237,2388.0325000000003,0.017078251276587495,9051.71,5.115160473207354,47.370000000000005,0.15362291495737057,521.8075,0.33718194890393843,2388.0425,0.014999999999897935,8132.0425,5.8900955000745085,8.405325000000001,0.027781333661291804,392.25,0.9574271077563405,38.99,0.0930949336251287,23.388849999999998,0.02035329621134196
0.0014,0.0,100.0,642.51,1587.19,1401.92,21.61,554.16,2388.01,9044.55,47.31,522.15,2388.03,8129.54,8.4031,390,38.99,23.413,642.4280000000001,0.467407744908002,1586.398,1.6991674431909825,1400.662,4.143901543232015,21.61,0.0,554.2180000000001,0.36656513745854025,2388.0280000000002,0.017888543819998996,9050.278,5.465964690702027,47.358000000000004,0.13572030061858653,521.876,0.3297423236407359,2388.04,0.014142135623607555,8131.5419999999995,5.2223002594641175,8.40488,0.02407990863770082,391.8,1.3038404810405335,38.989999999999995,0.0806225774829876,23.39368,0.02067213099803615
0.0012,0.0003,100.0,642.11,1579.12,1395.13,21.61,554.22,2388.0,9050.96,47.26,521.92,2388.08,8127.46,8.4238,392,38.91,23.3467,642.246,0.33871817193646786,1585.164,3.7308350271756163,1400.046,4.779673629025321,21.61,0.0,554.2819999999999,0.322443793551686,2388.0200000000004,0.02000000000020729,9050.436,5.4734751301162445,47.370000000000005,0.12000000000000004,521.9159999999999,0.31800943382232677,2388.05,0.021213203435469948,8131.924000000001,4.720135591272746,8.4086,0.025534486483969467,391.8,1.3038404810405335,39.0,0.06123724356958387,23.38832,0.029006844019989503
-0.0,0.0002,100.0,642.11,1583.34,1404.84,21.61,553.89,2388.05,9051.39,47.31,522.01,2388.06,8134.97,8.3914,391,38.85,23.3952,642.326,0.19882152800941089,1584.142,3.278081756149533,1401.9299999999998,4.336369449205266,21.61,0.0,554.0899999999999,0.12509996003178336,2388.028,0.02280350850208749,9049.829999999998,5.075366981805367,47.33200000000001,0.09628083921528638,521.886,0.29551649700142696,2388.05,0.021213203435469948,8130.994000000001,2.9514369381714736,8.410820000000001,0.022794451079155616,391.4,1.140175425099143,38.966,0.08848728722251474,23.38904,0.02915292438161225
0.0006,-0.0,100.0,642.54,1580.89,1400.89,21.61,553.59,2388.05,9052.86,47.21,522.09,2388.06,8125.93,8.4213,393,39.05,23.3224,642.342,0.21487205495362058,1582.932,3.098769110469574,1401.84,4.356300035580733,21.61,0.0,553.986,0.2540275575600741,2388.0280000000002,0.02280350850208749,9049.01,3.8085233358875565,47.274,0.04159326868616851,521.9100000000001,0.3086259872402145,2388.0559999999996,0.0181659021244151,8130.160000000001,3.748699774589035,8.40626,0.015625715983596505,391.4,1.140175425099143,38.959999999999994,0.07937253933193586,23.3702,0.0364217654706622
-0.0036,0.0,100.0,641.88,1593.29,1412.28,21.61,554.49,2388.06,9048.55,47.37,522.03,2388.05,8134.15,8.4353,391,39.1,23.4521,642.23,0.28539446385659034,1584.766,5.64509787337652,1403.012,6.266152727152482,21.61,0.0,554.0699999999999,0.3427097897638052,2388.034,0.02701851217225289,9049.662,3.2506568566990484,47.291999999999994,0.060166435825962275,522.04,0.08660254037843591,2388.056,0.0181659021244151,8130.409999999999,4.009706971837608,8.41498,0.017519902967767443,391.4,1.140175425099143,38.98,0.10148891565092384,23.385879999999997,0.05189467217354881
-0.0025,-0.0001,100.0,642.07,1585.25,1398.64,21.61,554.28,2388.04,9051.95,47.14,522.0,2388.06,8134.08,8.4093,391,38.87,23.382,642.142,0.24201239637671462,1584.3780000000002,5.501687922810606,1402.356,6.573220671786415,21.61,0.0,554.0939999999999,0.3545842636101531,2388.04,0.023452078799214186,9051.142,1.6138060602213777,47.257999999999996,0.08871302046486598,522.01,0.06123724356955255,2388.062,0.010954451149940283,8131.318000000001,4.269094751818251,8.416220000000001,0.016667543310277682,391.6,0.8944271909999302,38.955999999999996,0.11216059914247853,23.37968,0.04964772905179084
0.0007,-0.0004,100.0,642.04,1581.03,1403.83,21.61,554.69,2388.04,9051.67,47.23,521.95,2388.06,8132.38,8.3919,391,39.06,23.3609,642.128,0.24631280924873558,1584.76,5.096744058710375,1404.096,5.187690237475718,21.61,0.0,554.188,0.44667661680459153,2388.048,0.00836660026559699,9051.284,1.6249861537893866,47.251999999999995,0.08955445270895152,522.0160000000001,0.05079370039674814,2388.058,0.004472135954563355,8132.302000000001,3.68453117777577,8.409839999999999,0.018984941401015778,391.4,0.8944271909999302,38.986000000000004,0.11674759098157249,23.38252,0.04765571319369812
0.0026,0.0003,100.0,642.54,1587.43,1397.82,21.61,554.35,2388.02,9050.02,47.27,522.01,2388.06,8132.33,8.3984,391,39.11,23.3845,642.2139999999999,0.3062352037241755,1585.578,5.139894940560509,1402.6919999999998,5.844379351137399,21.61,0.0,554.2800000000001,0.41629316593000426,2388.0420000000004,0.014832396974347743,9051.01,1.7156194216687428,47.244,0.08473488065725843,522.016,0.05079370039674814,2388.058,0.004472135954563355,8131.774,3.3834789788030077,8.41124,0.017483935483752135,391.4,0.8944271909999302,39.038,0.0973139250056325,23.380380000000002,0.04718185032403877
-0.0056,0.0003,100.0,641.94,1589.09,1403.94,21.61,554.04,2388.02,9045.67,47.35,522.37,2388.03,8131.12,8.4166,392,39.08,23.3677,642.094,0.260729745138531,1587.218,4.543756155429085,1403.3020000000001,5.767947641926146,21.61,0.0,554.3700000000001,0.24197107265141374,2388.036,0.016733200530796515,9049.572,2.5752320283825556,47.272,0.09338094023942568,522.0719999999999,0.16917446615843731,2388.0519999999997,0.013038404810173276,8132.812,1.2922731909322054,8.410300000000001,0.01692527695489822,391.2,0.447213595499977,39.044,0.09914635646357353,23.38944,0.03637716316592121
0.0017,-0.0004,100.0,642.23,1583.16,1402.88,21.61,554.66,2388.03,9045.3,47.24,521.95,2388.06,8130.3,8.4293,392,39.03,23.4572,642.164,0.23458473948660377,1585.192,3.227138050967136,1401.422,2.9571303657433066,21.61,0.0,554.404,0.27300183149583196,2388.0299999999997,0.010000000000311128,9048.922,3.2256890736719286,47.246,0.07569676347110339,522.056,0.17770762504740728,2388.054,0.013416407864747154,8132.0419999999995,1.4348588780794478,8.409099999999999,0.014787325654086855,391.4,0.5477225575051862,39.03,0.0940744386111423,23.39046,0.03857827108619582
-0.0003,-0.0003,100.0,642.5,1584.81,1398.79,21.61,554.15,2388.0,9052.59,47.35,521.38,2388.0,8133.62,8.4163,392,39.04,23.3672,642.25,0.2679552201394867,1585.1039999999998,3.2311576872693752,1401.452,2.9224082534788542,21.61,0.0,554.378,0.29320641193546,2388.022,0.014832396974453132,9049.05,3.3846639419604747,47.288,0.05848076606884038,521.932,0.3547111500925783,2388.0420000000004,0.026832815730021796,8131.95,1.2776541002962216,8.4105,0.01513819672219951,391.6,0.5477225575051862,39.064,0.03209361307179958,23.3875,0.03993363244184041
-0.0018,0.0003,100.0,642.32,1584.51,1407.76,21.61,553.82,2388.1,9041.94,47.39,522.16,2388.1,8133.83,8.43,390,38.87,23.3484,642.306,0.2409979253022652,1585.8,2.4028524715429134,1402.238,4.037600772736359,21.61,0.0,554.204,0.31879460472216475,2388.034,0.03847076812338281,9047.104000000001,4.2005035412428295,47.32000000000001,0.062449979983958424,521.9739999999999,0.3694996617048422,2388.05,0.037416573867681074,8132.24,1.5377418508981975,8.41812,0.012851342342339103,391.4,0.8944271909999203,39.025999999999996,0.09289779329995668,23.384999999999998,0.04233432413538702
0.0014,0.0002,100.0,642.19,1582.7,1404.12,21.61,554.42,2388.06,9045.85,47.27,522.09,2388.02,8126.78,8.4577,391,39.09,23.3409,642.236,0.20403431084013327,1584.8539999999998,2.5285035099836644,1403.498,3.213023498202387,21.61,0.0,554.2180000000001,0.3282072515956342,2388.042,0.03898717737919651,9046.27,3.8784210704856497,47.32,0.062449979983958424,521.99,0.3731621631408985,2388.042,0.03898717737919966,8131.129999999999,2.8766994976890268,8.42998,0.016845088304904016,391.4,0.8944271909999203,39.022,0.08871302046487588,23.37628,0.046725656763709794
0.0035,0.0001,100.0,642.59,1586.53,1403.69,21.61,553.5,2388.04,9048.12,47.44,522.14,2388.06,8133.22,8.4323,391,38.96,23.4481,642.366,0.17300289014921752,1584.342,1.5106190783913387,1403.4479999999999,3.2063639843287755,21.61,0.0,554.11,0.4627094120502911,2388.046,0.037148351241912056,9046.76,3.937975368129096,47.338,0.08288546314038206,521.944,0.32577599666027385,2388.0480000000002,0.03898717737919966,8131.55,3.0243842348492302,8.433119999999999,0.015100397345766042,391.2,0.8366600265340772,38.998000000000005,0.08526429498917572,23.39236,0.05595715325139419
0.0029,0.0001,100.0,642.43,1585.58,1402.3,21.61,553.87,2388.01,9046.9,47.25,522.06,2388.01,8129.31,8.3892,391,39.06,23.3809,642.4060000000001,0.15598076804521324,1584.8259999999998,1.4223325912035685,1403.3319999999999,3.2423402042353295,21.61,0.0,553.952,0.3488122704262173,2388.0420000000004,0.04024922359491418,9047.079999999998,3.853783854861796,47.339999999999996,0.07999999999997191,521.966,0.32996969557824146,2388.0379999999996,0.0414728827066047,8131.352000000001,3.1562113363975026,8.4251,0.025024288201665367,391.0,0.7071067811865476,39.004000000000005,0.08905054744357987,23.377100000000002,0.04268366197973172
0.0011,-0.0001,100.0,642.61,1587.78,1400.7,21.61,554.31,2388.05,9041.12,47.46,522.28,2388.05,8128.59,8.4099,392,39.0,23.3325,642.428,0.17866169147295374,1585.42,1.9399613398209712,1403.714,2.6276948072408555,21.61,0.0,553.9839999999999,0.3776638717164886,2388.052,0.03271085446731371,9044.786,3.0925685117667436,47.362,0.09679876032261296,522.146,0.08473488065754424,2388.048,0.03563705936233305,8130.3460000000005,3.052512080238768,8.423820000000001,0.02574037684261844,391.0,0.7071067811865476,38.996,0.08677557259967375,23.370160000000002,0.04727026549534059
0.0038,-0.0002,100.0,642.7,1583.3,1399.2,21.61,554.42,2388.05,9053.73,47.36,522.05,2388.11,8126.86,8.4174,392,38.96,23.4025,642.5040000000001,0.2006987792688246,1585.1779999999999,2.1463503907796486,1402.002,2.059762122188249,21.61,0.0,554.104,0.40673086924883517,2388.0420000000004,0.019235384061685866,9047.144,4.53735936421068,47.35600000000001,0.09555103348470328,522.124,0.09396807968688578,2388.05,0.03937003937007306,8128.952,2.625313314635501,8.4213,0.025600488276593707,391.4,0.54772255750517,39.014,0.05899152481502093,23.38098,0.04723591853663954
0.0012,0.0001,100.0,642.45,1582.78,1404.06,21.61,553.43,2388.0,9046.45,47.26,521.41,2388.04,8128.89,8.4557,392,38.94,23.377,642.556,0.11392980294908354,1585.194,2.123435894958949,1401.99,2.0444559178425625,21.61,0.0,553.906,0.45280238515259075,2388.03,0.02345207879978741,9047.264,4.502380481477671,47.354,0.09787747442591248,521.9879999999999,0.3359613072958894,2388.054,0.036469165057598674,8129.374000000001,2.3433373636765933,8.4209,0.02489548151773746,391.6,0.54772255750517,38.984,0.04774934554526038,23.3882,0.042052705025956656
0.0009,-0.0,100.0,642.12,1587.51,1395.09,21.61,555.07,2388.04,9052.06,47.19,522.0,2388.06,8130.97,8.4116,393,39.1,23.3186,642.462,0.22174309459370323,1585.39,2.314238535674361,1400.27,3.414937773957618,21.61,0.0,554.22,0.6158733636065117,2388.0299999999997,0.02345207879978741,9048.052,5.006243102367333,47.304,0.10644247272586829,521.9599999999999,0.3258066911528108,2388.054,0.036469165057598674,8128.924000000001,1.4754592505390016,8.41676,0.024238254887677137,392.0,0.7071067811865476,39.012,0.06723094525589482,23.362299999999998,0.035269746242353156
-0.0006,-0.0001,100.0,642.32,1594.29,1400.15,21.61,553.27,2388.07,9043.32,47.29,522.06,2388.12,8130.7,8.4074,393,38.94,23.3971,642.44,0.23097618924897456,1587.132,4.621251994860362,1399.84,3.2255309640434264,21.61,0.0,554.1,0.7458552138317334,2388.042,0.02588435821123805,9047.336000000001,5.4486539622176595,47.312,0.10281050529978387,521.9599999999999,0.3258066911528108,2388.076,0.036469165057598674,8129.202,1.6827566669016412,8.4204,0.020073489980569157,392.4,0.54772255750517,38.988,0.06723094525589196,23.365540000000003,0.03804080703665459
0.0028,-0.0003,100.0,642.25,1582.43,1400.23,21.61,553.76,2388.11,9043.8,47.37,522.26,2388.08,8128.65,8.4007,393,38.96,23.3785,642.368,0.22061278294774173,1586.062,5.034587371374181,1399.746,3.2009576691988513,21.61,0.0,553.99,0.7476964624765613,2388.054,0.04037325847628576,9047.872,4.774397344168483,47.294,0.07436396977029608,521.9559999999999,0.3209828655862261,2388.082,0.03346640106137759,8129.214,1.6775070789722728,8.418560000000001,0.021637305747250812,392.6,0.54772255750517,38.980000000000004,0.06782329983125727,23.374739999999996,0.033322409876839154
0.0047,-0.0005,100.0,642.48,1583.28,1408.07,21.61,554.59,2388.08,9053.43,47.33,521.95,2388.07,8129.12,8.3949,391,38.77,23.3557,642.3240000000001,0.147749788493651,1586.0580000000002,5.037337590434082,1401.52,4.853864439804844,21.61,0.0,554.024,0.7754869437972324,2388.06,0.041833001326523504,9047.812,4.68339300080653,47.288,0.0687022561492545,521.9359999999999,0.31674911207441947,2388.0739999999996,0.029664793948318304,8129.666,1.0842186126440123,8.414060000000001,0.02413447741302937,392.4,0.8944271909999103,38.94199999999999,0.11713240371477202,23.36538,0.029980777174716138
-0.0007,0.0001,100.0,642.08,1586.65,1400.31,21.61,554.35,2388.09,9046.1,47.34,521.82,2388.02,8127.24,8.4494,392,38.87,23.3931,642.25,0.16093476939394952,1586.8319999999999,4.693316524591189,1400.77,4.648655719668046,21.61,0.0,554.208,0.7052800862068598,2388.078,0.02588435821038818,9047.742,4.7113713502549315,47.303999999999995,0.06985699678627122,522.018,0.16161683080662556,2388.07,0.03605551275460867,8129.336,1.5363040063746385,8.4128,0.02143000233317858,392.4,0.8944271909999103,38.928,0.12153188881935692,23.368599999999997,0.03231454780745116
0.0022,0.0005,100.0,641.93,1594.25,1401.29,21.61,553.56,2388.07,9055.56,47.05,521.84,2388.07,8134.89,8.447,392,38.83,23.3502,642.2120000000001,0.21323695739687812,1588.1799999999998,5.7790656684279105,1402.0099999999998,3.419064199455974,21.61,0.0,553.906,0.5501181691236104,2388.0840000000003,0.016733200529322194,9048.442,5.674814534415557,47.275999999999996,0.12953763931768505,521.9860000000001,0.18077610461548055,2388.072,0.03563705936236017,8130.12,2.938732720069499,8.419880000000001,0.026241893986525315,392.2,0.8366600265340667,38.874,0.0782943165242598,23.374919999999996,0.021305914671755976
0.0014,0.0001,100.0,641.95,1587.15,1398.11,21.61,554.15,2388.08,9046.11,47.42,522.39,2388.07,8133.13,8.4212,392,39.02,23.3621,642.138,0.2299347733594221,1586.752,4.666992607665114,1401.602,3.7973043070054553,21.61,0.0,554.082,0.4215091932567148,2388.0860000000002,0.015165750886591297,9049.0,5.158987303727511,47.302,0.1451550894732855,522.052,0.2582053446387514,2388.0620000000004,0.02387467277272992,8130.606,3.2437370423648257,8.42264,0.025310333857933343,392.0,0.7071067811865349,38.89,0.10024968827882355,23.367919999999998,0.01762929380321532
-0.0025,0.0004,100.0,642.79,1585.72,1400.97,21.61,554.1,2388.09,9047.45,47.4,521.78,2388.1,8134.79,8.411,391,39.09,23.4069,642.246,0.3760718016547748,1587.41,4.103163413757948,1401.75,3.7445159900849725,21.61,0.0,554.15,0.38216488588032654,2388.082,0.008366600262685714,9049.73,4.448555945475912,47.308,0.1492313639956334,521.9559999999999,0.2506591310922331,2388.066,0.028809720581806877,8131.834,3.4722946303583417,8.4247,0.023427334462120506,391.6,0.5477225575051538,38.916,0.13408952233489882,23.3736,0.02494674327442676
-0.0006,0.0004,100.0,642.58,1581.22,1398.91,21.61,554.42,2388.08,9056.4,47.23,521.79,2388.06,8130.11,8.4024,393,38.81,23.3552,642.266,0.39386545926227495,1586.998,4.683862722155819,1399.9180000000001,1.3626885190693179,21.61,0.0,554.116,0.33827503602823716,2388.082,0.008366600262685714,9050.324,5.200800899864842,47.288,0.15221695043587719,521.924,0.2615912842582457,2388.064,0.028809720581832527,8132.031999999999,3.3029411136162077,8.4262,0.021174040710267274,392.0,0.7071067811865349,38.924,0.12401612798342496,23.3735,0.025037272215641733
-0.0009,0.0004,100.0,642.66,1589.3,1407.16,21.61,553.14,2388.1,9040.2,47.43,521.62,2388.14,8129.59,8.4283,392,39.0,23.3923,642.66,0.0,1589.3,0.0,1407.16,0.0,21.61,0.0,553.14,0.0,2388.1,0.0,9040.2,0.0,47.43,0.0,521.62,0.0,2388.14,0.0,8129.59,0.0,8.4283,0.0,392.0,0.0,39.0,0.0,23.3923,0.0
-0.0011,0.0002,100.0,642.51,1588.43,1405.47,21.61,553.53,2388.07,9053.77,47.45,522.02,2388.08,8120.05,8.4414,393,38.84,23.2902,642.585,0.10606601717800625,1588.865,0.6151828996322192,1406.315,1.195010460205304,21.61,0.0,553.335,0.2757716446627037,2388.085,0.021213203435416356,9046.985,9.595439020701244,47.44,0.014142135623735673,521.8199999999999,0.28284271247464315,2388.1099999999997,0.042426406870993486,8124.82,6.745798692519315,8.43485,0.00926309883354291,392.5,0.7071067811865476,38.92,0.11313708498984519,23.34125,0.07219560235914656
0.0002,0.0003,100.0,642.58,1595.6,1410.86,21.61,553.34,2388.13,9036.57,47.45,521.29,2388.08,8126.75,8.3804,394,39.02,23.4064,642.5833333333334,0.07505553499466829,1591.11,3.912710058258823,1407.83,2.7567553391622823,21.61,0.0,553.3366666666667,0.19502136635076572,2388.1,0.03000000000002956,9043.513333333334,9.066070446083055,47.443333333333335,0.01154700538379637,521.6433333333333,0.3655589327773848,2388.1,0.03464101615121477,8125.463333333333,4.898421514460691,8.4167,0.03211183582419461,393.0,1.0,38.95333333333334,0.09865765724632465,23.362966666666665,0.06341090863040438
0.0025,0.0001,100.0,642.31,1583.43,1408.23,21.61,554.15,2388.14,9047.06,47.42,521.57,2388.06,8129.91,8.4342,393,38.82,23.4699,642.515,0.1497776129244457,1589.19,4.995177674517644,1407.93,2.2597492486261688,21.61,0.0,553.54,0.43673027526531305,2388.11,0.03162277660173892,9044.4,7.611863547559686,47.4375,0.015000000000001555,521.625,0.3007213549672449,2388.09,0.03464101615130228,8126.575,4.57597712698233,8.421075,0.027640715740853902,393.0,0.816496580927726,38.92,0.10456258094238752,23.389699999999998,0.07442656335834343
0.0004,-0.0004,100.0,642.77,1585.03,1407.6,21.61,553.98,2388.13,9043.96,47.47,521.59,2388.11,8127.01,8.4247,392,38.81,23.3895,642.566,0.1727136358253321,1588.358,4.7090306858205615,1407.864,1.9625570055414663,21.61,0.0,553.6279999999999,0.42634493077788754,2388.114,0.028809720581897645,9044.312,6.595003411674738,47.444,0.019493588689617855,521.618,0.2609022805573032,2388.094,0.03130495168493953,8126.661999999999,3.9676844632605457,8.421800000000001,0.023992394628298705,392.8,0.8366600265340772,38.898,0.1030533842239061,23.38966,0.06445535664318468
-0.0008,-0.0003,100.0,642.5,1579.87,1402.27,21.61,553.79,2388.11,9042.51,47.6,521.8,2388.06,8128.82,8.4182,392,38.78,23.2688,642.534,0.16562004709578043,1586.472,5.959733215505534,1406.886,3.2179698569127986,21.61,0.0,553.758,0.32813107137243747,2388.116,0.02792848008768243,9044.774000000001,6.309669563455808,47.477999999999994,0.0704982269280572,521.654,0.27336788399516854,2388.078,0.020493901531932455,8126.508,3.8384658393685007,8.41978,0.02373208798230807,392.8,0.8366600265340772,38.854,0.0952890339965736,23.364960000000004,0.08391616649966906
0.0019,0.0,100.0,642.63,1594.28,1405.38,21.61,553.56,2388.14,9050.22,47.52,520.97,2388.07,8127.07,8.4113,393,38.75,23.5222,642.558,0.16991174179558435,1587.642,6.9347004261178835,1406.868,3.2281062559958262,21.61,0.0,553.7639999999999,0.32315630892808755,2388.13,0.01224744871493743,9044.064,5.134640201611024,47.492000000000004,0.07049822692805799,521.4440000000001,0.3210607419165196,2388.076,0.02073644135332394,8127.911999999999,1.3864775512068896,8.41376,0.02047029555233648,392.8,0.8366600265340772,38.836,0.10644247272588221,23.411360000000002,0.09557490779488258
0.0015,0.0003,100.0,642.61,1583.23,1404.58,21.61,553.16,2388.07,9050.66,47.41,521.72,2388.15,8134.66,8.443,391,38.79,23.224,642.564,0.17140595088855456,1585.1680000000001,5.428924387021844,1405.612,2.4028046112822814,21.61,0.0,553.7279999999998,0.3860958430235225,2388.118,0.029495762407768467,9046.882,3.6434763619376356,47.483999999999995,0.07829431652425393,521.53,0.3270321085153457,2388.09,0.039370039370204446,8129.494000000001,3.136914088718703,8.426280000000002,0.012594324118427142,392.2,0.8366600265340772,38.79,0.02738612787525339,23.37488,0.12743966023181358
-0.0022,0.0003,100.0,642.28,1588.74,1407.54,21.61,553.25,2388.09,9051.36,47.47,521.48,2388.08,8131.51,8.4459,392,38.71,23.273,642.558,0.18267457403811804,1586.23,5.522503961066947,1405.474,2.228335701818593,21.61,0.0,553.548,0.3480948146698453,2388.108,0.0286356421268671,9047.742,4.16600768122187,47.494,0.07092249290599044,521.512,0.3267567902890316,2388.094,0.03646916505782391,8129.814,3.268796414584824,8.42862,0.01524227673282405,392.0,0.7071067811865476,38.768,0.03898717737923172,23.335500000000003,0.12099615696376412
0.0021,0.0004,100.0,642.53,1590.87,1406.04,21.61,553.45,2388.12,9053.96,47.47,521.09,2388.1,8123.71,8.4211,392,38.92,23.3399,642.51,0.13946325680984611,1587.398,5.815081254806284,1405.162,1.947798757572045,21.61,0.0,553.442,0.25073890802991816,2388.106,0.027018512172544626,9049.742,4.29483643460321,47.494,0.07092249290599044,521.412,0.37049966261788775,2388.092,0.035637059362601024,8129.1539999999995,4.182060496932367,8.4279,0.01555554563491728,392.0,0.7071067811865476,38.79,0.07905694150420813,23.32558,0.11744318626467738
-0.001,0.0,100.0,642.57,1594.61,1407.53,21.61,553.65,2388.08,9044.28,47.37,521.25,2388.12,8124.59,8.3784,392,38.81,23.3423,642.524,0.14170391667138124,1590.346,4.667690006844659,1406.214,1.312051828244484,21.61,0.0,553.414,0.20598543637850247,2388.1,0.029154759474434928,9050.096,3.559758418768467,47.448,0.058480766068846175,521.302,0.30177806414642033,2388.1040000000003,0.032093613071838625,8128.308,4.6663283210678825,8.41994,0.027419208595436,392.0,0.7071067811865476,38.79600000000001,0.07924645102463475,23.34028,0.11307823397984167
0.0022,-0.0001,100.0,642.7,1599.04,1412.05,21.61,553.66,2388.12,9051.27,47.64,521.43,2388.08,8130.06,8.3877,392,38.79,23.2849,642.538,0.1573848785621237,1591.298,5.973421967348109,1407.548,2.7996196170195082,21.61,0.0,553.434,0.22744230037535895,2388.096,0.023021728866595814,9050.306,3.5996499829836117,47.472,0.10305338422390745,521.394,0.23880954754780473,2388.1059999999998,0.029664793948511844,8128.906,4.6595954760045295,8.415220000000001,0.031066976035655988,391.8,0.44721359549995715,38.804,0.07536577472566608,23.29282,0.04964007453660001
0.0034,0.0001,100.0,642.35,1583.94,1402.56,21.61,553.64,2388.13,9044.51,47.39,521.3,2388.1,8128.62,8.4313,393,38.9,23.3169,642.486,0.17008821240759456,1591.44,5.737460239513372,1407.1439999999998,3.413448403008351,21.61,0.0,553.53,0.17902513789972055,2388.108,0.02167948338919266,9049.076000000001,4.408336420917821,47.468,0.10639548862616313,521.3100000000001,0.15443445211468107,2388.096,0.016733200531004303,8127.697999999999,3.4104354560670584,8.41288,0.028810102394820323,392.2,0.44721359549995715,38.826,0.08561541917201697,23.3114,0.031520310912162564
-0.0013,0.0,100.0,642.46,1589.62,1402.63,21.61,552.55,2388.17,9047.88,47.53,522.15,2388.04,8127.22,8.4346,393,38.93,23.3479,642.522,0.12988456413295357,1591.616,5.6467096613866055,1406.1619999999998,3.9371398247966045,21.61,0.0,553.39,0.4775458093210255,2388.1240000000003,0.03209361307230001,9048.380000000001,4.228634531381106,47.480000000000004,0.11000000000000247,521.4440000000001,0.4130133169765433,2388.0879999999997,0.030331501776312615,8126.840000000001,2.6711701555680474,8.410619999999998,0.02586497631934007,392.4,0.54772255750517,38.87,0.06519202405203482,23.32638,0.02602790809879922
-0.0009,0.0,100.0,642.33,1582.15,1398.72,21.61,553.47,2388.1,9042.9,47.65,521.55,2388.15,8124.9,8.429,394,38.87,23.393,642.482,0.15514509338039636,1589.8719999999998,7.0954612253184415,1404.6979999999999,5.163726367653322,21.61,0.0,553.394,0.47825725295082716,2388.12,0.03391164991614027,9046.168000000001,3.3894940625390744,47.516000000000005,0.1329661611087643,521.536,0.3626017098690866,2388.098,0.04147288270690898,8127.0779999999995,2.3571211254406252,8.4122,0.02688633481901221,392.8,0.8366600265340772,38.86,0.059160797831002684,23.337,0.04000412478732219
0.0018,-0.0002,100.0,642.54,1588.49,1401.46,21.61,554.01,2388.15,9046.42,47.32,521.59,2388.12,8128.06,8.4817,393,38.86,23.361,642.476,0.15142654985177034,1588.648,6.583173246998651,1403.484,5.043602878894919,21.61,0.0,553.466,0.5483885483852208,2388.134,0.027018512172838113,9046.596,3.222488169099888,47.506,0.147749788493931,521.604,0.3255456957171948,2388.098,0.04147288270690898,8127.772,1.9098481615039364,8.43286,0.03333591156695747,393.0,0.7071067811865476,38.870000000000005,0.05244044240851757,23.340740000000004,0.041470748727261746
-0.0012,0.0005,100.0,641.91,1583.24,1408.27,21.61,554.54,2388.05,9047.39,47.53,521.39,2388.07,8132.92,8.4357,392,38.71,23.2601,642.318,0.24345430782798574,1585.488,3.3420607415188677,1402.7279999999998,3.4793490770540045,21.61,0.0,553.642,0.735506628114257,2388.12,0.046904157598455835,9045.82,2.080324493915889,47.483999999999995,0.1299230541512958,521.596,0.3313306505592039,2388.096,0.04277849927260253,8128.344,2.924941025046624,8.44246,0.022096221396429316,393.0,0.7071067811865476,38.854,0.08502940667792883,23.33578,0.050351236330397835
0.0005,0.0001,100.0,642.45,1596.19,1403.2,21.61,553.64,2388.12,9049.76,47.3,521.52,2388.09,8127.02,8.4451,392,38.83,23.2268,642.338,0.25073890802986326,1587.9379999999999,5.630308162081348,1402.8560000000002,3.4833934604056176,21.61,0.0,553.642,0.735506628114257,2388.118,0.04658325879561686,9046.869999999999,2.5301185742942707,47.465999999999994,0.1507647173578761,521.64,0.29478805945965847,2388.094,0.042778499272573295,8128.023999999999,2.974303279761481,8.44522,0.021197334738122537,392.8,0.8366600265340772,38.84,0.0812403840463616,23.31776,0.07077706549440552
0.0005,-0.0,100.0,642.37,1595.07,1405.63,21.61,553.73,2388.14,9041.39,47.4,521.87,2388.08,8130.19,8.4992,392,38.77,23.3142,642.3199999999999,0.24289915602982975,1589.0279999999998,6.4980243151283315,1403.4560000000001,3.6871438811086823,21.61,0.0,553.8779999999999,0.41853315280863995,2388.112,0.0396232255124906,9045.572,3.3982451353582728,47.44,0.14815532390028818,521.5840000000001,0.17657859439915946,2388.102,0.03271085446793264,8128.618,3.0686674632485653,8.45814,0.03067463121212654,392.6,0.8944271909999203,38.80800000000001,0.06723094525588279,23.311020000000003,0.06876534010676687
